URL,80
apply.gymshark.com,X,
cdn.training.develop.gymshark.com,X,
customer.service.gymshark.com,X,
develop.gymshark.com,X,
events-booking.api.staging.gymshark.com,X,
community.gymshark.com,X,
transcode.service.gymshark.com,X,
gsadmin.gymshark.com,X,
customer.service.staging.gymshark.com,X,
testing.gymshark.com,X,
share.training.staging.gymshark.com,X,
mail.gymshark.com,X,
community.staging.gymshark.com,X,
events-booking.api.gymshark.com,X,
collection-point.api.staging.gymshark.com,X,
headless.staging.gymshark.com,X,
size-guide.api.gymshark.com,X,
netsuite-ingestion.platform.staging.gymshark.com,X,
size-guide.api.staging.gymshark.com,X,
central.gymshark.com,X,
thriftplus.gymshark.com,X,
netsuite-ingestion.platform.gymshark.com,X,
store.gymshark.com,X,
backinstock.service.gymshark.com,X,
leigh-sandbox.develop.gymshark.com,X,
www.central.gymshark.com,X,
au.shop.gymshark.com,X,
ingestion.platform.gymshark.com,X,
careers.gymshark.com,X,
cdn.gymshark.com,X,
jumpstation.gymshark.com,X,
cdn.training.gymshark.com,X,
sip.gymshark.com,X,
api.gymshark.com,X,
app.gymshark.com,X,
nsproxy.service.staging.gymshark.io,X,
features.staging.gymshark.com,X,
stock-finder.api.staging.gymshark.com,X,
api.develop.gymshark.com,X,
preview.develop.gymshark.com,X,
poc-k8s-ingestion.service.staging.gymshark.com,X,
shop.dk.staging.gymshark.com,X,
66.gymshark.com,X,
central.staging.gymshark.com,X,
training.staging.gymshark.com,X,
no.gymshark.com,X,
unleash.staging.gymshark.com,X,
dnk.staging.gymshark.com,X,
staging4.gymshark.com,X,
nl.gymshark.com,X,
transparency.gymshark.com,X,
checkout.staging.gymshark.com,X,
de.gymshark.com,X,
dev.gymshark.com,X,
2048-game.develop.gymshark.com,X,
nonstore.pwks.gymshark.io,X,
contentful.central.gymshark.com,X,
staging3.gymshark.com,X,
training.gymshark.com,X,
storesync2.gymshark.io,X,
eu.gymshark.com,X,
content.gymshark.com,X,
row.gymshark.com,X,
migrations.service.staging.gymshark.com,X,
fi.pwks.gymshark.io,X,
www.uk.gymshark.com,X,
e.gymshark.com,X,
us.shop.gymshark.com,X,
dk.gymshark.com,X,
ca.gymshark.com,X,
collection-point.api.gymshark.com,X,
gymshark.io,X,
lyncdiscover.gymshark.com,X,
gymshark.com,X,
sustainability.gymshark.com,X,
se.gymshark.com,X,
staging1.gymshark.com,X,
uk.shop.gymshark.com,X,
uk.gymshark.com,X,
retail.wifi.gymshark.com,X,
cdn.training.staging.gymshark.com,X,
ablink.mail.gymshark.com,X,
fr.gymshark.com,X,
customer-context.api.staging.gymshark.com,X,
support.gymshark.com,X,
smtp.gymshark.com,X,
tours.gymshark.com,X,
www.gymshark.com,X,
ie.gymshark.com,X,
ablink.app.gymshark.com,X,
staging2.gymshark.com,X,
shop.au.staging.gymshark.com,X,
ablink.e.gymshark.com,X,
content.staging.gymshark.com,X,
cdn.staging.gymshark.com,X,
au.gymshark.com,X,
seamless.gymshark.com,X,
link.serviceinfo.gymshark.com,X,
us-sms-opt-in.service.staging.gymshark.com,X,
summary-creators.gymshark.com,X,
info.gymshark.com,X,
merchandiserscan.gymshark.com,X,
preview.staging.gymshark.com,X,
klarna.gymshark.com,X,
api-creators.gymshark.com,X,
train.gymshark.com,X,
auth.develop.gymshark.com,X,
deviceregistry.service.staging.gymshark.com,X,
gsinsiders.gymshark.com,X,
imap.gymshark.com,X,
switchon.gymshark.com,X,
ablink.store.gymshark.com,X,
ingress.develop-cluster.develop.gymshark.io,X,
teamjoe.develop-cluster.develop.gymshark.io,X,
auth.gymshark.com,X,
whoami.develop.gymshark.com,X,
traefik-nlb.develop-cluster.develop.gymshark.io,X,
headless.develop.gymshark.com,X,
sportsbras.gymshark.com,X,
ch.checkout.staging.gymshark.com,X,
api.staging.gymshark.com,X,
fi.gymshark.com,X,
currencies.gymshark.com,X,
m.gymshark.com,X,
callback.gymshark.com,X,
customer-context.api.gymshark.com,X,
careersform.gymshark.com,X,
features.api.gymshark.io,X,
conditioning.gymshark.com,X,
enterpriseenrollment.gymshark.com,X,
config.gymshark.io,X,
features.develop.gymshark.com,X,
autodiscover.gymshark.com,X,
config.staging.gymshark.io,X,
research.gymshark.com,X,
pop.gymshark.com,X,
helpdesk.gymshark.com,X,
ablink.train.gymshark.com,X,
dk.shop.gymshark.com,X,
experian.gymshark.com,X,
vipapp.gymshark.com,X,
track.gymshark.com,X,
checkout.dk.staging.gymshark.com,X,
transcode.service.staging.gymshark.com,X,
contentful.central.staging.gymshark.com,X,
o3843.abmail.train.gymshark.com,X,
notice.gymshark.com,X,
headless.gymshark.com,X,
ordercancel.gymshark.com,X,
nginx.develop.gymshark.com,X,
ch.gymshark.com,X,
deviceregistry.service.gymshark.com,X,
uk.staging.gymshark.com,X,
s.gymshark.com,X,
store-sync.staging.gymshark.com,X,
discount-code-minter.gymshark.com,X,
insiders.gymshark.com,X,
u.gymshark.com,X,
launchcalendar.gymshark.com,X,
intercom.service.staging.gymshark.com,X,
gdpr.gymshark.com,X,
shawshank-events-booking.api.staging.gymshark.com,X,
reviews.api.gymshark.com,X,
backinstock.service.staging.gymshark.com,X,
retail-assistant.api.staging.gymshark.com,X,
reviews.api.staging.gymshark.com,X,
athens.staging.gymshark.com,X,
sportsbras.staging.gymshark.com,X,
traefikauth.service.staging.gymshark.com,X,
traefikauth.service.gymshark.com,X,
2048.develop.gymshark.com,X,
sonar.gymshark.io,X,
link.e-mail.gymshark.com,X,
oktetodemo.service.staging.gymshark.com,X,
migrations.service.gymshark.com,X,
tableau.gymshark.io,X,
whoamidemo.staging.gymshark.com,X,
events.platform.staging.gymshark.com,X,
nsproxy.service.gymshark.io,X,
admin.tableau.gymshark.io,X,
dk.pwks.gymshark.io,X,
ch.pwks.gymshark.io,X,
o2182.abmail.app.gymshark.com,X,
nl.pwks.gymshark.io,X,
teabreak.staging.gymshark.io,X,
calendar.gymshark.com,X,
de.pwks.gymshark.io,X,
no.pwks.gymshark.io,X,
au.pwks.gymshark.io,X,
traefik-nlb.staging-cluster.staging.gymshark.io,X,
tableau.staging.gymshark.io,X,
us.pwks.gymshark.io,X,
gb.pwks.gymshark.io,X,
api.teabreak.staging.gymshark.io,X,
teabreak.gymshark.io,X,
rw.pwks.gymshark.io,X,
fr.pwks.gymshark.io,X,
rapid7.gymshark.io,X,
traefikauth.service.staging.gymshark.io,X,
gitlab.562366055580.sandbox.gymshark.io,X,
auth.gshq.gymshark.io,X,
webhooks.api.develop.gymshark.io,X,
webhooks.develop.gymshark.io,X,
dsvnetsuite.service.staging.gymshark.io,X,
storesync2.staging.gymshark.io,X,
kubecost.production.gymshark.io,X,
backstage.staging.gymshark.io,X,
kubecost.staging.gymshark.io,X,
kubecost.develop.gymshark.io,X,
traefikauth.service.gymshark.io,X,
se.pwks.gymshark.io,X,
backstage.gymshark.io,X,
ie.pwks.gymshark.io,X,
eu.pwks.gymshark.io,X,
ca.pwks.gymshark.io,X,
admin.tableau.develop.gymshark.io,X,
admin.tableau.staging.gymshark.io,X,
pos.retail-assistant.gymshark.io,X,
tableau.develop.gymshark.io,X,
pos.retail-assistant.staging.gymshark.io,X,
webhooks.gymshark.io,X,
pos.retail-assistant.develop.gymshark.io,X,
webhooks.api.gymshark.io,X,
cancellations.api.gymshark.io,X,
webhooks.api.staging.gymshark.io,X,
premium.api.gymshark.io,X,
trap.develop.gymshark.io,X,
rapid7.develop.gymshark.io,X,
config.develop.gymshark.io,X,
webhooks.staging.gymshark.io,X,
auth.gshq.staging.gymshark.io,X,
team3.develop-cluster.develop.gymshark.io,X,
api.teabreak.gymshark.io,X,
enterpriseregistration.gymshark.com,X,
auth.develop.gymshark.io,X,
ie.gymshark.com,X,
row.gymshark.com,X,
admintest.gymshark.com,X,
klarna.gymshark.com,X,
api.gymshark.com,X,
smtp.gymshark.com,X,
store.gymshark.com,X,
sustainability.gymshark.com,X,
s.gymshark.com,X,
mail.gymshark.com,X,
headless.gymshark.com,X,
gdpr.gymshark.com,X,
onboarding.gymshark.com,X,
helpdesk.gymshark.com,X,
fr.gymshark.com,X,
insiders.gymshark.com,X,
nl.gymshark.com,X,
train.gymshark.com,X,
apply.gymshark.com,X,
support.gymshark.com,X,
ca.gymshark.com,X,
e.gymshark.com,X,
training.gymshark.com,X,
de.gymshark.com,X,
testing.gymshark.com,X,
develop.gymshark.com,X,
content.gymshark.com,X,
auth.gymshark.com,X,
img.gymshark.com,X,
transparency.gymshark.com,X,
community.gymshark.com,X,
au.gymshark.com,X,
track.gymshark.com,X,
imap.gymshark.com,X,
tracker.gymshark.com,X,
callback.gymshark.com,X,
www.gymshark.com,X,
research.gymshark.com,X,
pos.gymshark.com,X,
eu.gymshark.com,X,
cdn.gymshark.com,X,
no.gymshark.com,X,
dev.gymshark.com,X,
app.gymshark.com,X,
dk.gymshark.com,X,
ch.gymshark.com,X,
u.gymshark.com,X,
m.gymshark.com,X,
central.gymshark.com,X,
info.gymshark.com,X,
se.gymshark.com,X,
uk.gymshark.com,X,
live.gymshark.com,X,
tours.gymshark.com,X,
autodiscover.gymshark.com,X,
design.gymshark.com,X,
notice.gymshark.com,X,
experian.gymshark.com,X,
email.gymshark.com,X,
sip.gymshark.com,X,
files.gymshark.com,X,
fi.gymshark.com,X,
careers.gymshark.com,X,
fax.gymshark.com,X,
preferences.gymshark.com,X,
calendar.gymshark.com,X,
pop.gymshark.com,X,
lyncdiscover.gymshark.com,X,
currencies.gymshark.com,X,
enterpriseenrollment.gymshark.com,X,
enterpriseregistration.gymshark.com,X,
cdn.gymshark.com,X,
tracker.gymshark.com,X,
mail.gymshark.com,X,
testing.gymshark.com,X,
store.gymshark.com,X,
autodiscover.gymshark.com,X,
training.gymshark.com,X,
autodiscover.s.gymshark.com,X,
de.gymshark.com,X,
smtp.gymshark.com,X,
staging3.gymshark.com,X,
central.gymshark.com,X,
www.central.gymshark.com,X,
u.gymshark.com,X,
www.develop.gymshark.com,X,
www.training.gymshark.com,X,
e.gymshark.com,X,
api.gymshark.com,X,
img.gymshark.com,X,
ch.gymshark.com,X,
staging1.gymshark.com,X,
api.staging.gymshark.com,X,
develop.gymshark.com,X,
research.gymshark.com,X,
fr.gymshark.com,X,
auth.gymshark.com,X,
app.gymshark.com,X,
autodiscover.mail.gymshark.com,X,
content.gymshark.com,X,
dev.gymshark.com,X,
staging2.gymshark.com,X,
sustainability.gymshark.com,X,
admintest.gymshark.com,X,
live.gymshark.com,X,
train.gymshark.com,X,
support.gymshark.com,X,
www.66.gymshark.com,X,
track.gymshark.com,X,
www.support.gymshark.com,X,
helpdesk.gymshark.com,X,
66.gymshark.com,X,
uk.gymshark.com,X,
www.gymshark.com,X,
au.gymshark.com,X,
ie.gymshark.com,X,
www.uk.gymshark.com,X,
no.gymshark.com,X,
dk.gymshark.com,X,
apply.gymshark.com,X,
info.gymshark.com,X,
fi.gymshark.com,X,
m.gymshark.com,X,
ca.gymshark.com,X,
nl.gymshark.com,X,
callback.gymshark.com,X,
mobilemail.gymshark.com,X,
creators.gymshark.com,X,
careers.gymshark.com,X,
eu.gymshark.com,X,
community.gymshark.com,X,
tours.gymshark.com,X,
sip.gymshark.com,X,
m-dev.gymshark.com,X,
s.gymshark.com,X,
row.gymshark.com,X,
email.gymshark.com,X,
pos.gymshark.com,X,
notice.gymshark.com,X,
files.gymshark.com,X,
imap.gymshark.com,X,
lyncdiscover.gymshark.com,X,
design.gymshark.com,X,
preferences.gymshark.com,X,
pop.gymshark.com,X,
calendar.gymshark.com,X,
fax.gymshark.com,X,
se.gymshark.com,X,
sonar.gymshark.io,X,
trap.gymshark.io,X,
webhooks.gymshark.io,X,
features.gymshark.io,X,
backstage.gymshark.io,X,
config.gymshark.io,X,
tableau.gymshark.io,X,
trap.gymshark.io,X,
features.gymshark.io,X,
sonar.gymshark.io,X,
backstage.gymshark.io,X,
tableau.gymshark.io,X,
config.gymshark.io,X,